Product_name,Processor,Graphics adapter,Memory,Display,Storage,Size,Battery,Camera,Weight,Price,URL_link
Lenovo Yoga 6 13 82ND0009US (Yoga 6 13 Series),"AMD Ryzen 5 5500U 6 x 2.1 - 4 GHz, 21 W PL2 / Short Burst, 18 W PL1 / Sustained, Lucienne U (Zen 2)","AMD Radeon RX Vega 7 - 512 MB, Memory: 1333 MHz, 27.20.14040.4","8192 MB  , 1600 MHz, 22-22-22-52, Dual-Channel, Soldered","13.30 inch 16:9, 1920 x 1080 pixel 166 PPI, 10-point capacitive, native pen support, AU Optronics B133HAN05.F, IPS, AUO5F2D, glossy: yes, 60 Hz","WDC PC SN530 SDBPMPZ-265G, 256 GB  ",height x width x depth (in mm): 18.2 x 308 x 206.4 ( = 0.72 x 12.13 x 8.13 in),60 Wh Lithium-Polymer,Webcam: 720pPrimary Camera: 0.9 MPix,"1.331 kg ( = 46.95 oz / 2.93 pounds), Power Supply: 272 g ( = 9.59 oz / 0.6 pounds)",800 USD,https://www.notebookcheck.net/Lenovo-Yoga-6-13-Convertible-Review-Laptops-Have-Clothes-and-Fabric-Now.550259.0.html
Asus ZenBook Flip 13 UX363EA-HP069T (ZenBook Flip 13 Series),"Intel Core i7-1165G7 4 x 2.8 - 4.7 GHz, 51 W PL2 / Short Burst, 15 W PL1 / Sustained, Tiger Lake UP3","Intel Iris Xe Graphics G7 96EUs, Memory: 1300 MHz, 27.20.100.8984 DCH","16384 MB  , LPDDR4-4266, soldered","13.30 inch 16:9, 1920 x 1080 pixel 166 PPI, multitouch, native pen support, Samsung, SDC414A, OLED, glossy: yes, 60 Hz","WDC PC SN730 SDBPNTY-1T00, 1024 GB  , 950 GB free",height x width x depth (in mm): 13 x 305 x 211 ( = 0.51 x 12.01 x 8.31 in),"67 Wh, 4220 mAh Lithium-Ion",Webcam: HDPrimary Camera: 0.9 MPixSecondary Camera: IR,"1.188 kg ( = 41.91 oz / 2.62 pounds), Power Supply: 210 g ( = 7.41 oz / 0.46 pounds)","1,799 EUR",https://www.notebookcheck.net/Asus-ZenBook-Flip-13-in-review-Compact-convertible-with-great-OLED-display.550248.0.html
Medion Erazer Beast X20 (Erazer Series),"Intel Core i7-10870H 8 x 2.2 - 5 GHz, 60 W PL2 / Short Burst, 60 W PL1 / Sustained, Comet Lake-H","NVIDIA GeForce RTX 3070 Laptop GPU - 8192 MB, Core: 1560 MHz, Memory: 1750 MHz, 140 W TDP, 27.21.14.6677, Optimus","32768 MB  , DDR4-3200, Dual-Channel-Mode, two memory slots (both in use)","17.30 inch 16:9, 2560 x 1440 pixel 170 PPI, BOE CQ NE173QHM-NY2, IPS, glossy: no, 165 Hz","Phison E12S-2TB-Phison-SSD-BICS4, 2048 GB  , 2 M.2-2280-Slots (NVMe), 1770 GB free",height x width x depth (in mm): 23 x 395 x 262 ( = 0.91 x 15.55 x 10.31 in),"91 Wh, 7900 mAh Lithium-Polymer",Webcam: HDPrimary Camera: 0.9 MPix,"2.246 kg ( = 79.23 oz / 4.95 pounds), Power Supply: 500 g ( = 17.64 oz / 1.1 pounds)",2299 Euro,https://www.notebookcheck.net/Medion-Erazer-Beast-X20-Tongfang-GM7MG7P-in-review-Thin-gaming-notebook-with-good-battery-runtimes.550029.0.html
Razer Blade 15 Advanced Model Core i7-11800H (Blade 15 Series),"Intel Core i7-11800H 8 x 2.3 - 4.6 GHz, 160 W PL2 / Short Burst, 65 W PL1 / Sustained, Tiger Lake H45","NVIDIA GeForce RTX 3080 Laptop GPU, Core: 1245 MHz, Memory: 1500 MHz, 105 W TDP, GDDR6, 471.11, Optimus and manual","32768 MB  , Samsung DDR4-3200, 22-22-22-52, Dual-Channel","15.60 inch 16:9, 1920 x 1080 pixel 141 PPI, TL156VDXP02-0, IPS, 360 Hz","SSSTC CA6-8D1024, 1024 GB  ",height x width x depth (in mm): 16.99 x 355 x 235 ( = 0.67 x 13.98 x 9.25 in),80 Wh,Webcam: FHDPrimary Camera: 2 MPix,"2.026 kg ( = 71.47 oz / 4.47 pounds), Power Supply: 617 g ( = 21.76 oz / 1.36 pounds)",3100 USD,https://www.notebookcheck.net/Razer-Blade-15-Advanced-Model-11th-Gen-Intel-2021-Review-Small-Changes-Big-CPU-Gains.548802.0.html
Samsung Galaxy Book NP750XDA (Galaxy Book Series),"Intel Core i5-1135G7 4 x 2.4 - 4.2 GHz, 32 W PL2 / Short Burst, 31.5 W PL1 / Sustained, Tiger Lake UP3","Intel Iris Xe Graphics G7 80EUs, Core: 1300 MHz, Memory: 1600 MHz","8192 MB  , Dual-Channel","15.60 inch 16:9, 1920 x 1080 pixel 141 PPI, CEC PANDA LM156LF5L03, IPS, glossy: no","Lite-On CL1-8D512, 512 GB  , 450 GB free",height x width x depth (in mm): 16 x 357 x 230 ( = 0.63 x 14.06 x 9.06 in),54 Wh Lithium-Ion,"Webcam: 0.9 MP, 16:9 (1280x720)","1.6 kg ( = 56.44 oz / 3.53 pounds), Power Supply: 190 g ( = 6.7 oz / 0.42 pounds)",900 Euro,https://www.notebookcheck.net/Galaxy-Book-2021-in-review-The-affordable-Samsung-notebook-for-office-users.549172.0.html
Lenovo ThinkPad X13 G2 20WK0024GE (ThinkPad X13 Series),"Intel Core i7-1165G7 4 x 2.8 - 4.7 GHz, 50 W PL2 / Short Burst, 30 W PL1 / Sustained, Tiger Lake UP3","Intel Iris Xe Graphics G7 96EUs, Core: 1300 MHz, Memory: 2000 MHz","16384 MB  , LPDDR4X-4266, Dual-Channel, soldered","13.30 inch 16:10, 1920 x 1200 pixel 170 PPI, NV133WUM-N61, IPS, glossy: no, 60 Hz","SK Hynix HFS512 GDE9X081N, 512 GB  , 433 GB free",height x width x depth (in mm): 18.2 x 305.8 x 217.1 ( = 0.72 x 12.04 x 8.55 in),"54.7 Wh, 3564 mAh Lithium-Polymer",Webcam: 1080pPrimary Camera: 2 MPix,"1.339 kg ( = 47.23 oz / 2.95 pounds), Power Supply: 365 g ( = 12.88 oz / 0.8 pounds)",1800 Euro,https://www.notebookcheck.net/Lenovo-ThinkPad-X13-G2-Review-The-perfect-mobile-companion.549308.0.html
Dell Latitude 9420 2-in-1 (Latitude Series),"Intel Core i7-1185G7 4 x 3 - 4.8 GHz, 64 W PL2 / Short Burst, 15 W PL1 / Sustained, Tiger Lake UP3","Intel Iris Xe Graphics G7 96EUs, Core: 1350 MHz, Memory: 1600 MHz, DDR4, 27.20.100.9565","16384 MB  , LPDDR4x 4266 MHz, 36-39-39-90, Soldered","14.00 inch 16:10, 2560 x 1600 pixel 216 PPI, 10-point capacitive, native pen support, AU Optronics B140QAN, IPS, Dell P/N: 5NW15, AUOD991, glossy: yes, 60 Hz","WDC PC SN530 SDBPNPZ-512G, 512 GB  ",height x width x depth (in mm): 13.91 x 310.59 x 215.18 ( = 0.55 x 12.23 x 8.47 in),60 Wh Lithium-Polymer,Webcam: 720pPrimary Camera: 0.9 MPix,"1.497 kg ( = 52.81 oz / 3.3 pounds), Power Supply: 346 g ( = 12.2 oz / 0.76 pounds)",2700 USD,https://www.notebookcheck.net/Dell-Latitude-9420-2-in-1-Convertible-Review-Totally-Better-Than-The-Latitude-9410.548439.0.html
Honor MagicBook 15 i5 1135G7 (Magicbook Series),"Intel Core i5-1135G7 4 x 2.4 - 4.2 GHz, 38 W PL2 / Short Burst, 20 W PL1 / Sustained, Tiger Lake UP3","Intel Iris Xe Graphics G7 80EUs, Core: 1300 MHz, Memory: 1200 MHz","16384 MB  , DDR4-3200, Dual-Channel, soldered","15.60 inch 16:9, 1920 x 1080 pixel 141 PPI, BOE TV156FHM-NH2, IPS, glossy: no, 60 Hz","WDC PC SN730 SDBPNTY-512G, 512 GB  , 410 GB free",height x width x depth (in mm): 17 x 358 x 230 ( = 0.67 x 14.09 x 9.06 in),"42 Wh, 3665 mAh Lithium-Polymer",Webcam: 720pPrimary Camera: 0.9 MPix,"1.521 kg ( = 53.65 oz / 3.35 pounds), Power Supply: 197 g ( = 6.95 oz / 0.43 pounds)",949 Euro,https://www.notebookcheck.net/Honor-MagicBook-15-2021-Review-The-switch-to-Intel-is-unnecessarily-expensive.548795.0.html
Chuwi CoreBook X (CoreBook Series),"Intel Core i5-8259U 4 x 2.3 - 3.8 GHz, 64 W PL2 / Short Burst, 28 W PL1 / Sustained, Coffee Lake-U","Intel Iris Plus Graphics 655, Core: 1050 MHz, Memory: 1200 MHz, DDR4, 27.20.100.9466","8192 MB  , 1200 MHz, 10-10-10-28, DDR4, Soldered, Single-Channel","14.00 inch 3:2, 2160 x 1440 pixel 185 PPI, Chi Mei P140ZKA-BZ1, IPS, CMN8C03, glossy: yes, 60 Hz","Kingston RBUSNS8154P3512GJ, 512 GB  ",height x width x depth (in mm): 20.6 x 310 x 229.5 ( = 0.81 x 12.2 x 9.04 in),46.2 Wh Lithium-Polymer,Webcam: 720pPrimary Camera: 0.9 MPix,"1.495 kg ( = 52.73 oz / 3.3 pounds), Power Supply: 218 g ( = 7.69 oz / 0.48 pounds)",540 USD,https://www.notebookcheck.net/Chuwi-CoreBook-X-Laptop-Review-Like-a-Huawei-MateBook-But-Cheaper.548269.0.html
Asus ROG Zephyrus M16 GU603H,"Intel Core i9-11900H 8 x 2.5 - 4.9 GHz, 90 W PL2 / Short Burst, 30 W PL1 / Sustained, Tiger Lake H45","NVIDIA GeForce RTX 3070 Laptop GPU - 8192 MB, Core: 1290 MHz, Memory: 1500 MHz, 100 W TDP, NVIDIA 462.13, Intel UHD Graphics Xe 750 32EUs","32768 MB  , Dual-Channel","16.00 inch 16:10, 2560 x 1600 pixel 189 PPI, AU Optronics AUOC199, IPS, glossy: no, 165 Hz","Samsung PM9A1 MZVL22T0HBLB, 2048 GB  ",height x width x depth (in mm): 20 x 355 x 243 ( = 0.79 x 13.98 x 9.57 in),90 Wh Lithium-Ion,"Webcam: 0.9 MP, 16:9 (1280x720)","2.048 kg ( = 72.24 oz / 4.52 pounds), Power Supply: 550 g ( = 19.4 oz / 1.21 pounds)",3000 Euro,https://www.notebookcheck.net/Asus-ROG-Zephyrus-M16-Gaming-Laptop-Review-Gaming-in-16-10.548332.0.html
MSI Katana GF76 11UE,"Intel Core i7-11800H 8 x 2.3 - 4.6 GHz, 62 W PL2 / Short Burst, 44 W PL1 / Sustained, Tiger Lake H45","NVIDIA GeForce RTX 3060 Laptop GPU - 6144 MB, Core: 1425 MHz, Memory: 1750 MHz, 85 W TDP, GDDR6, 466.63, Optimus","16384 MB  , DDR4-3200 SDRAM","17.30 inch 16:9, 1920 x 1080 pixel 127 PPI, AU Optronics B173HAN04.9, IPS, glossy: no, 144 Hz","Kingston OM8PCP3512F-AB, 512 GB  , 512 GB",height x width x depth (in mm): 25.2 x 398 x 273 ( = 0.99 x 15.67 x 10.75 in),53 Wh Lithium-Ion,Webcam: 720pPrimary Camera: 0.9 MPix HD webcam,"2.718 kg ( = 95.87 oz / 5.99 pounds), Power Supply: 490 g ( = 17.28 oz / 1.08 pounds)","1,599 Euro",https://www.notebookcheck.net/MSI-Katana-GF76-review-Gaming-laptop-with-room-for-improvement.548109.0.html
Asus Zephyrus G14 GA401QM (Zephyrus G14 GA401 Series),"AMD Ryzen 9 5900HS 8 x 3.3 - 4.6 GHz, 80 W PL2 / Short Burst, 80 W PL1 / Sustained, Cezanne H (Zen 3)","NVIDIA GeForce RTX 3060 Laptop GPU - 6144 MB, Core: 1382 MHz, Memory: 1530 MHz, 80 W TDP, GDDR6, 471.11, Optimus","16384 MB  , DDR4, 22-22-22-52, Dual-Channel","14.00 inch 16:9, 1920 x 1080 pixel 157 PPI, LM140LF-1F02, IPS, Adaptive Sync, NCP005E, glossy: no, 144 Hz","SK Hynix HFM001TD3JX013N, 1024 GB  ",height x width x depth (in mm): 19.9 x 324 x 222 ( = 0.78 x 12.76 x 8.74 in),"76 Wh Lithium-Polymer, 4-cell",,"1.68 kg ( = 59.26 oz / 3.7 pounds), Power Supply: 545 g ( = 19.22 oz / 1.2 pounds)",1700 USD,https://www.notebookcheck.net/Asus-Zephyrus-G14-GA401QM-Laptop-Review-AMD-Still-Rules-The-14-inch-Gaming-Space.547502.0.html
Acer Spin 3 SP313-51N-56YV,"Intel Core i5-1135G7 4 x 2.4 GHz, 64 W PL2 / Short Burst, 28 W PL1 / Sustained, Tiger Lake UP3","Intel Iris Xe Graphics G7 80EUs, Core: 1300 MHz, Memory: 2000 MHz, DDR4","16384 MB  , Quad-Channel","13.30 inch 16:10, 2560 x 1600 pixel 226 PPI, 10-point capacitive, native pen support, AU Optronics AUOB493, IPS, glossy: yes, 60 Hz","Kingston OM8PCP3512F-AB, 512 GB  , 470 GB free",height x width x depth (in mm): 16 x 300 x 220 ( = 0.63 x 11.81 x 8.66 in),"48 Wh, 4800 mAh Lithium-Ion, Battery runtime (according to manufacturer): 12 h",Webcam: 1080p FHD,"1.407 kg ( = 49.63 oz / 3.1 pounds), Power Supply: 290 g ( = 10.23 oz / 0.64 pounds)",999 EUR,https://www.notebookcheck.net/Acer-Spin-3-SP313-51N-convertible-in-review-A-good-all-rounder-with-weaknesses.548049.0.html
Asus TUF Gaming F17 FX706HM,"Intel Core i9-11900H 8 x 2.5 - 4.9 GHz, 105 W PL2 / Short Burst, 80 W PL1 / Sustained, Tiger Lake H45","NVIDIA GeForce RTX 3060 Laptop GPU - 6144 MB, 95 W TDP, Geforce 462.42, Otimus","16384 MB  , 2x 8 GB DDR4-3200, 1,600 MHz","17.30 inch 16:9, 1920 x 1080 pixel 127 PPI, AU Optronics AUI8294 (B173HAN04.9), IPS, glossy: no, 144 Hz","SK Hynix HFM001TD3JX013N, 1024 GB  , 860 GB free",height x width x depth (in mm): 26 x 399 x 269 ( = 1.02 x 15.71 x 10.59 in),"90 Wh Lithium-Ion, Battery runtime (according to manufacturer): 14.3 h",Webcam: 720p HD cameraPrimary Camera: 0.9 MPix,"2.65 kg ( = 93.48 oz / 5.84 pounds), Power Supply: 590 g ( = 20.81 oz / 1.3 pounds)",,https://www.notebookcheck.net/Asus-TUF-Gaming-F17-laptop-review-Good-gaming-device-with-RTX-3060-but-average-display-despite-144-Hz.547469.0.html
Asus TUF Gaming F15 FX506HM,"Intel Core i7-11800H 8 x 2.3 - 4.6 GHz, 105 W PL2 / Short Burst, 80 W PL1 / Sustained, Tiger Lake H45","NVIDIA GeForce RTX 3060 Laptop GPU - 6144 MB, Core: 1425 MHz, Memory: 1750 MHz, 95 W TDP, GDDR6, 466.77, Optimus","16384 MB  , DDR4-3200, 15-15-15-35, Dual-Channel, 2x SODIMM","15.60 inch 16:9, 1920 x 1080 pixel 141 PPI, Chi Mei N156HRA-EA1, IPS, CMN1521, glossy: no, 144 Hz","SK Hynix HFM001TD3JX013N, 1024 GB  ",height x width x depth (in mm): 24.9 x 359 x 256 ( = 0.98 x 14.13 x 10.08 in),90 Wh Lithium-Polymer,Webcam: 720pPrimary Camera: 0.9 MPix,"2.269 kg ( = 80.04 oz / 5 pounds), Power Supply: 546 g ( = 19.26 oz / 1.2 pounds)",,https://www.notebookcheck.net/Asus-TUF-Gaming-F15-FX506HM-Laptop-Review-No-Extras-Just-Performance.546842.0.html
Aorus 17G YD (17G Series),"Intel Core i7-11800H 8 x 2.3 - 4.6 GHz, 109 W PL2 / Short Burst, 45 W PL1 / Sustained, Tiger Lake H45","NVIDIA GeForce RTX 3080 Laptop GPU - 16384 MB, Core: 1245 MHz, Memory: 1500 MHz, 105 W TDP, GDDR6, 27.21.14.6647, Optimus","32768 MB  , DDR4-3200, dual-channel mode, two memory slots (both in use)","17.30 inch 16:9, 1920 x 1080 pixel 127 PPI, Sharp LQ173M1JW04, IPS, glossy: no, 300 Hz","Samsung PM9A1 MZVL2512HCJQ, 512 GB  , 2 M.2-2280 slots (1x PCIe 4, 1x PCIe 3/SATA), 399 GB free",height x width x depth (in mm): 26 x 405 x 276 ( = 1.02 x 15.94 x 10.87 in),"99 Wh, 6514 mAh Lithium-Polymer",Webcam: HDPrimary Camera: 0.9 MPix,"2.82 kg ( = 99.47 oz / 6.22 pounds), Power Supply: 735 g ( = 25.93 oz / 1.62 pounds)","2,298 Euro",https://www.notebookcheck.net/Aorus-17G-YD-in-review-Loud-gaming-laptop-with-a-good-mechanical-keyboard.547267.0.html
Alienware m15 R5 Ryzen Edition (m15 Series),"AMD Ryzen 7 5800H 8 x 3.2 - 4.4 GHz, 65 W PL2 / Short Burst, 54 W PL1 / Sustained, Cezanne H (Zen 3)","NVIDIA GeForce RTX 3060 Laptop GPU - 6144 MB, Core: 1875 MHz, Memory: 1750 MHz, 125 W TDP, 462.54, Optimus","16384 MB  , DDR4-3200, Dual-Channel, 2 Slots, max. 64 GB","15.60 inch 16:9, 1920 x 1080 pixel 141 PPI, B156HAN, IPS, glossy: no, 165 Hz","Toshiba KBG40ZNS512G NVMe, 512 GB  , 400 GB free",height x width x depth (in mm): 22.85 x 356.2 x 272.5 ( = 0.9 x 14.02 x 10.73 in),"86 Wh, 7167 mAh Lithium-Ion",Webcam: 720pPrimary Camera: 0.9 MPix,"2.459 kg ( = 86.74 oz / 5.42 pounds), Power Supply: 778 g ( = 27.44 oz / 1.72 pounds)",1750 Euro,https://www.notebookcheck.net/Alienware-m15-R5-Ryzen-Edition-Laptop-Review-More-performance-for-less-money.547214.0.html
Razer Blade 14 Ryzen 9 RTX 3070 (Blade Series),"AMD Ryzen 9 5900HX 8 x 3.3 - 4.6 GHz, 90 W PL2 / Short Burst, 75 W PL1 / Sustained, Cezanne H (Zen 3)","NVIDIA GeForce RTX 3070 Laptop GPU - 8192 MB, Core: 1290 MHz, Memory: 1600 MHz, 100 W TDP, GDDR6, 466.77","16384 MB  , DDR4-3200, Soldered","14.00 inch 16:9, 2560 x 1440 pixel 210 PPI, TL140BDXP02-2, IPS, glossy: no, 165 Hz","Samsung PM981a MZVLB1T0HBLR, 1024 GB  ",height x width x depth (in mm): 16.8 x 319.7 x 220 ( = 0.66 x 12.59 x 8.66 in),62 Wh Lithium-Polymer,Webcam: 720pPrimary Camera: 0.9 MPix,"1.767 kg ( = 62.33 oz / 3.9 pounds), Power Supply: 801 g ( = 28.25 oz / 1.77 pounds)",2200 USD,https://www.notebookcheck.net/Razer-Blade-14-Ryzen-9-Laptop-Review-Blade-Pro-17-Performance-At-Half-The-Size.546754.0.html
MSI Modern 15 A11M-062 (Modern 15 Series),"Intel Core i7-1165G7 4 x 2.8 - 4.7 GHz, 64 W PL2 / Short Burst, 45 W PL1 / Sustained, Tiger Lake UP3",Intel Iris Xe Graphics G7 96EUs,"8192 MB  , single-channel","15.60 inch 16:9, 1920 x 1080 pixel 141 PPI, AU Optronics B156HW02, IPS, glossy: no","Kingston OM8PCP3512F-AB, 512 GB  , 480 GB free",height x width x depth (in mm): 17 x 357 x 234 ( = 0.67 x 14.06 x 9.21 in),52 Wh Lithium-Polymer,"Webcam: 0.9 MP, 16:9 (1280x720)","1.6 kg ( = 56.44 oz / 3.53 pounds), Power Supply: 280 g ( = 9.88 oz / 0.62 pounds)","1,300 Euro",https://www.notebookcheck.net/MSI-Modern-15-A11M-in-review-Slim-office-laptop-offers-strong-keyboard-backlighting.546878.0.html
Infinix INBook X1 Pro,"Intel Core i7-1065G7 4 x 1.3 - 3.9 GHz, 61 W PL2 / Short Burst, 25 W PL1 / Sustained, Ice Lake U","Intel Iris Plus Graphics G7 (Ice Lake 64 EU), Core: 1100 MHz, Memory: 1800 MHz, DDR4, 27.20.100.9466","16384 MB  , LPDDR4X 3200 MHz, Dual-Channel","14.00 inch 16:9, 1920 x 1080 pixel 157 PPI, BOE NV140FHM-N62, IPS, glossy: no, 60 Hz","Phison C-E80T512G4-P3D3B3E13, 500 GB  ",height x width x depth (in mm): 16.3 x 323.5 x 219.5 ( = 0.64 x 12.74 x 8.64 in),55 Wh Lithium-Polymer,Webcam: 720pPrimary Camera: 0.9 MPix,"1.461 kg ( = 51.54 oz / 3.22 pounds), Power Supply: 254 g ( = 8.96 oz / 0.56 pounds)",,https://www.notebookcheck.net/Infinix-INBook-X1-Pro-Laptop-Review-Surprisingly-Solid-All-Around.545949.0.html
Xiaomi RedmiBook Pro 15,"Intel Core i7-11370H 4 x 3.3 - 4.8 GHz, 65 W PL2 / Short Burst, 28 W PL1 / Sustained, Tiger Lake H35","NVIDIA GeForce MX450 - 2048 MB, Core: 1575 MHz, Memory: 1751 MHz, Optimus","16384 MB  , dual-channel 3200 MHz","15.60 inch 16:10, 3200 x 2000 pixel 242 PPI, no touchscreen, IPS, glossy: no, 90 Hz","Toshiba KBG40ZNV512G, 512 GB  ",height x width x depth (in mm): 16 x 351 x 242 ( = 0.63 x 13.82 x 9.53 in),"70 Wh, 4545 mAh Lithium-Polymer",Webcam: yesPrimary Camera: 0.9 MPix webcam,"1.745 kg ( = 61.55 oz / 3.85 pounds), Power Supply: 255 g ( = 8.99 oz / 0.56 pounds)",,https://www.notebookcheck.net/Xiaomi-RedmiBook-Pro-15-2021-in-review-Affordable-laptop-with-strong-features.545905.0.html
Asus VivoBook Flip 14 TP470EZ (VivoBook Flip 14 Series),"Intel Core i5-1135G7 4 x 2.4 - 4.2 GHz, 64 W PL2 / Short Burst, 20 W PL1 / Sustained, Tiger Lake UP3","Intel Iris Xe MAX Graphics - 4096 MB, Core: 1,600 MHz MHz, Memory: 2,133 MHz, LPDDR4X, 27.20.100.9466, Switchable","8192 MB  , Quad-Channel LPDDR4X 4,266 MHz, Timings 36-39-39-90","14.00 inch 16:9, 1920 x 1080 pixel 157 PPI, Multitouch, native pen support, Chi Mei CMN N140HCA-EAC, IPS, glossy: yes, 60 Hz","Intel SSD 660p SSDPEKNW512G8, 512 GB  , 436 GB free",height x width x depth (in mm): 18.7 x 324 x 220 ( = 0.74 x 12.76 x 8.66 in),"42 Wh Lithium-Polymer, 3-cell, Battery runtime (according to manufacturer): 10 h",Webcam: 720p,1.5 kg ( = 52.91 oz / 3.31 pounds) ( = 0 oz / 0 pounds),831 Euro,https://www.notebookcheck.net/Asus-VivoBook-Flip-14-TP470EZ-Convertible-Review-A-good-all-rounder-with-Iris-Xe-Max-as-its-Achilles-heel.512380.0.html
Schenker XMG Neo 15 Tiger Lake (XMG Neo 15 Series),"Intel Core i7-11800H 8 x 2.3 - 4.6 GHz, 120 W PL2 / Short Burst, 120 W PL1 / Sustained, Tiger Lake H45","NVIDIA GeForce RTX 3080 Laptop GPU - 16384 MB, Core: 1605 MHz, Memory: 1750 MHz, 165 W TDP, GDDR6, 462.42, Optimus","32768 MB  , DDR4-3200, dual-channel","15.60 inch 16:9, 2560 x 1440 pixel 188 PPI, BOE CQ NE156QHM-NY2, IPS, glossy: no, 165 Hz","Samsung SSD 980 Pro 1TB MZ-V8P1T0BW, 1024 GB  ",height x width x depth (in mm): 26 x 359.8 x 243 ( = 1.02 x 14.17 x 9.57 in),"93 Wh, 8200 mAh Lithium-Polymer",Webcam: HD (Windows Hello compatible),"2.194 kg ( = 77.39 oz / 4.84 pounds), Power Supply: 694 g ( = 24.48 oz / 1.53 pounds)",,https://www.notebookcheck.net/Schenker-XMG-Neo-15-gaming-laptop-in-review-RTX-3080-with-165W-TGP-ensures-high-scores.546054.0.html
HP Pavilion 15-eg0025cl (Pavilion 15-eg Series),"Intel Core i7-1165G7 4 x 2.8 - 4.7 GHz, 51 W PL2 / Short Burst, 22 W PL1 / Sustained, Tiger Lake UP3","NVIDIA GeForce MX450 - 2048 MB, Core: 1275 MHz, Memory: 1751 MHz, 15 W TDP, GDDR5, 466.77, Optimus","16384 MB  , DDR4-3200, 15-15-15-35, Dual-Channel, 2x SODIMM","15.60 inch 16:9, 1920 x 1080 pixel 141 PPI, 10-point capacitive, Chi Mei CMN1523, IPS, glossy: yes, 60 Hz","Samsung PM991 MZVLQ1T0HALB, 1024 GB  ",height x width x depth (in mm): 17.9 x 360.2 x 234 ( = 0.7 x 14.18 x 9.21 in),41 Wh Lithium-Polymer,Webcam: 720pPrimary Camera: 0.9 MPix,"1.747 kg ( = 61.62 oz / 3.85 pounds), Power Supply: 304 g ( = 10.72 oz / 0.67 pounds)",1000 USD,https://www.notebookcheck.net/HP-Pavilion-15-2021-Laptop-Review-11th-Gen-Intel-and-GeForce-MX450-Combo.545218.0.html
Schenker Vision 14,"Intel Core i7-1165G7 4 x 2.8 - 4.7 GHz, 60 W PL2 / Short Burst, 30 W PL1 / Sustained, Tiger Lake UP3","Intel Iris Xe Graphics G7 96EUs, Core: 1300 MHz, Memory: 2000 MHz","16384 MB  , DDR4-3200, Dual-Channel, 2 Slots, max. 64 GB","14.00 inch 16:10, 2880 x 1800 pixel 243 PPI, CSOT T3_MNE007ZA1_1, IPS, glossy: no, 90 Hz","Samsung SSD 980 Pro 1TB MZ-V8P1T0BW, 1024 GB  , 893 GB free",height x width x depth (in mm): 15.6 x 308.8 x 215 ( = 0.61 x 12.16 x 8.46 in),53 Wh Lithium-Polymer,Webcam: 720pPrimary Camera: 0.9 MPix,"1.028 kg ( = 36.26 oz / 2.27 pounds), Power Supply: 361 g ( = 12.73 oz / 0.8 pounds)",1650 Euro,https://www.notebookcheck.net/Schenker-Vision-14-Laptop-Review-Perfect-Ultrabook-with-1-kg-and-16-10-display.546055.0.html
Lenovo ThinkPad P15s Gen2-20W6000GGE,"Intel Core i7-1165G7 4 x 2.8 - 4.7 GHz, 47 W PL2 / Short Burst, 20 W PL1 / Sustained, Tiger Lake UP3","NVIDIA T500 Laptop GPU - 4096 MB, Core: 1695 MHz, Memory: 1250 MHz, 18 W TDP, TU117, 452.66, Optimus","32768 MB  , DDR4-3200, 16 GB on-board, 1x SO-DIMM, dual-channel","15.60 inch 16:9, 3840 x 2160 pixel 282 PPI, MNF601EA1-1, IPS LED, glossy: no, 60 Hz","WDC PC SN720 SDAQNTW-1T00, 1024 GB  , NVMe PCIe 3.0, 888 GB free",height x width x depth (in mm): 19.1 x 365.8 x 248 ( = 0.75 x 14.4 x 9.76 in),57 Wh Lithium-Polymer,Webcam: 720p w/ThinkShutter & IR,"1.851 kg ( = 65.29 oz / 4.08 pounds), Power Supply: 351 g ( = 12.38 oz / 0.77 pounds)",1890 Euro,https://www.notebookcheck.net/Lenovo-ThinkPad-P15s-Gen-2-laptop-review-Ultrabook-workstation-now-with-Nvidia-T500.545889.0.html
Aorus 15P YD (15P Series),"Intel Core i7-11800H 8 x 2.3 - 4.6 GHz, 109 W PL2 / Short Burst, 45 W PL1 / Sustained, Tiger Lake H45","NVIDIA GeForce RTX 3080 Laptop GPU - 8192 MB, Core: 1545 MHz, Memory: 1750 MHz, 130 W TDP, Resizable BAR, Optimus, NVIDIA 462.35, Intel UHD Graphics Xe 750 32EUs","16384 MB  , dual-channel","15.60 inch 16:9, 1920 x 1080 pixel 141 PPI, BOE09B9, IPS, glossy: no, 360 Hz","Samsung PM9A1 MZVL21T0HCLR, 1024 GB  , 1 TB, 890 GB free",height x width x depth (in mm): 27 x 357 x 244 ( = 1.06 x 14.06 x 9.61 in),99 Wh Lithium-Polymer,"Webcam: 0.9 MP, 16:9 (1280x720)","2.22 kg ( = 78.31 oz / 4.89 pounds), Power Supply: 730 g ( = 25.75 oz / 1.61 pounds)",,https://www.notebookcheck.net/Aorus-15P-YD-in-review-High-end-gaming-laptop-with-fast-360-Hz-display.545474.0.html
"Dell Latitude 13 7320 Detachable, i7-1180G7 (Latitude 13 7300 Series)","Intel Core i7-1180G7 4 x 2.2 - 4.6 GHz, 40 W PL2 / Short Burst, 23 W PL1 / Sustained, Tiger Lake UP4","Intel Iris Xe Graphics G7 96EUs, Core: 1100 MHz, Memory: 1600 MHz, 27.20.100.9565","16384 MB  , LPDDR4X 4266 MHz, 36-39-39-90, Dual-Channel, Soldered","13.00 inch 3:2, 1920 x 1280 pixel 178 PPI, Capacitive, native pen support, Sharp LQ130N1, IPS, SHP1526 controller, Dell P/N: NW3NF, glossy: yes, detachable screen, 60 Hz","WDC PC SN530 SDBPMPZ-265G, 256 GB  ",height x width x depth (in mm): 8.44 x 288.4 x 207.9 ( = 0.33 x 11.35 x 8.19 in),"40 Wh Lithium-Polymer, 2-cell",Primary Camera: 8 MPixSecondary Camera: 5 MPix,"782 g ( = 27.58 oz / 1.72 pounds), Power Supply: 232 g ( = 8.18 oz / 0.51 pounds)",2100 USD,https://www.notebookcheck.net/Dell-Latitude-13-7320-Detachable-Review-A-Better-Microsoft-Surface-Pro-7.544543.0.html
Lenovo Legion 7 16ACHg6,"AMD Ryzen 9 5900HX 8 x 3.3 - 4.6 GHz, 87.8 W PL2 / Short Burst, 87.8 W PL1 / Sustained, Cezanne H (Zen 3)","NVIDIA GeForce RTX 3080 Laptop GPU - 16384 MB, Core: 1545 MHz, Memory: 1750 MHz, 165 W TDP, GDDR6, 27.21.14.6647, Optimus","32768 MB  , DDR4-3200, dual-channel mode, two memory slots (both in use), max. 64 GB","16.00 inch 16:10, 2560 x 1600 pixel 189 PPI, CSOT T3 MNG007DA1-1, IPS, Dolby Vision, HDR 400, FreeSync, G-Sync, glossy: no, HDR, 165 Hz","WDC PC SN730 SDBPNTY-1T00, 1024 GB  , WDC PC SN730 1 TB, 2 M.2-2280 slots (NVMe), both in use, 1901 GB free",height x width x depth (in mm): 23.5 x 356 x 260 ( = 0.93 x 14.02 x 10.24 in),"80 Wh, 5210 mAh Lithium-Ion",Webcam: HDPrimary Camera: 0.9 MPix,"2.496 kg ( = 88.04 oz / 5.5 pounds), Power Supply: 870 g ( = 30.69 oz / 1.92 pounds)","2,999 Euro",https://www.notebookcheck.net/Lenovo-Legion-7-16ACH-in-review-Gaming-powerhouse-with-good-16-10-display.545205.0.html
Lenovo ThinkPad X13 Yoga G2 (ThinkPad X13 Yoga Series),"Intel Core i7-1165G7 4 x 2.8 - 4.7 GHz, 40 W PL2 / Short Burst, 14 W PL1 / Sustained, Tiger Lake UP3",Intel Iris Xe Graphics G7 96EUs,"16384 MB  , LPDDR4X-4266, on-board, quad-channel","13.30 inch 16:10, 2560 x 1600 pixel 227 PPI, 10-point multitouch, native pen support, LP133WQ1-SPF2, IPS LED","WDC PC SN730 SDBQNTY-1T00, 1024 GB  , M.2 2280, NVMe PCIe 3.0, 912 GB free",height x width x depth (in mm): 15.39 x 305 x 213.9 ( = 0.61 x 12.01 x 8.42 in),52.8 Wh Lithium-Polymer,Webcam: 720p w/IR and ThinkShutter,"1.221 kg ( = 43.07 oz / 2.69 pounds), Power Supply: 363 g ( = 12.8 oz / 0.8 pounds)","1,939 Euro",https://www.notebookcheck.net/ThinkPad-X13-Yoga-G2-laptop-review-Lenovo-business-convertible-stands-out-with-WQXGA-16-10-LCD.544372.0.html
Alienware m15 R4 RTX 3080 (m15 Series),"Intel Core i9-10980HK 8 x 2.4 - 5.3 GHz, 135 W PL2 / Short Burst, 135 W PL1 / Sustained, Comet Lake-H","NVIDIA GeForce RTX 3080 Laptop GPU - 8192 MB, Core: 1605 MHz, 140 W TDP, Geforce 461.66",32768 MB  ,"15.60 inch 16:9, 1920 x 1080 pixel 141 PPI, LG Philips LGD066E (156WFG), IPS, glossy: no, 300 Hz","2x WDC PC SN730 SDBPNTY-512G (RAID 0), 1024 GB  , 2x 512 GB PCIe M.2 SSD, 960 GB free",height x width x depth (in mm): 20 x 360.3 x 276 ( = 0.79 x 14.19 x 10.87 in),86 Wh Lithium-Ion,Webcam: HD webcamPrimary Camera: 0.9 MPix,"2.35 kg ( = 82.89 oz / 5.18 pounds), Power Supply: 800 g ( = 28.22 oz / 1.76 pounds)","3,599 Euro",https://www.notebookcheck.net/Alienware-m15-R4-laptop-in-review-Now-also-with-a-mechanical-keyboard.543671.0.html
HP Elite Dragonfly Max (Elite Dragonfly Series),"Intel Core i7-1185G7 4 x 3 - 4.8 GHz, 35 W PL2 / Short Burst, 18 W PL1 / Sustained, Tiger Lake UP3","Intel Iris Xe Graphics G7 96EUs, Core: 1350 MHz, Memory: 2000 MHz, 27.20.100.9316","16384 MB  , LPDDR4X-4266, 36-39-39-90, Dual-Channel, Soldered","13.30 inch 16:9, 1920 x 1080 pixel 166 PPI, 10-point capacitive, native pen support, InfoVision X133NVFL R0, IPS, Controller: IVO85D2, Sure View, glossy: yes, 60 Hz","Toshiba XG6 KXG60ZNV512G, 512 GB  ",height x width x depth (in mm): 16 x 304.3 x 197.6 ( = 0.63 x 11.98 x 7.78 in),56 Wh Lithium-Polymer,Webcam: 1440p 30 FPSPrimary Camera: 5 MPix,"1.164 kg ( = 41.06 oz / 2.57 pounds), Power Supply: 264 g ( = 9.31 oz / 0.58 pounds)",2450 USD,https://www.notebookcheck.net/HP-EliteBook-Dragonfly-Max-Convertible-Review-Sure-View-Sounds-Better-Than-It-Looks.542712.0.html
LG Gram 16 (2021) (Gram Series),"Intel Core i7-1165G7 4 x 2.8 - 4.7 GHz, 60 W PL2 / Short Burst, 30 W PL1 / Sustained, Tiger Lake UP3","Intel Iris Xe Graphics G7 96EUs - 1600 MB, Core: 1300 MHz, dual-channel mode, 27.20.100.9466","16384 MB  , LPDDR4X 4266, dual-channel mode, on-board, no memory slots","16.00 inch 16:10, 2560 x 1600 pixel, LG Philips LP160WQ1-SPA1, IPS, glossy: yes, 60 Hz","SK Hynix PC601 1TB HFS001TD9TNG, 1024 GB  , 2 M.2-2280 slots (NVMe), 883 GB free",height x width x depth (in mm): 16.8 x 355.9 x 243.4 ( = 0.66 x 14.01 x 9.58 in),80 Wh Lithium-Ion,Webcam: HDPrimary Camera: 0.9 MPix,"1.19 kg ( = 41.98 oz / 2.62 pounds), Power Supply: 292 g ( = 10.3 oz / 0.64 pounds)","1,799 Euro",https://www.notebookcheck.net/LG-Gram-16-2021-in-review-1-200-grams-excellent-battery-life-16-10-display.543262.0.html
Asus ZenBook Pro Duo UX582 LR-1BH2 (ZenBook Pro Duo UX582 Series),"Intel Core i7-10870H 8 x 2.2 - 5 GHz, 107 W PL2 / Short Burst, 70 W PL1 / Sustained, Comet Lake-H","NVIDIA GeForce RTX 3070 Laptop GPU - 8192 MB, Core: 1463 MHz, Memory: 1500 MHz, 110 W TDP, 466.27, Optimus","32768 MB  , DDR4-2933, Dual-Channel, onboard","15.60 inch 16:9, 3840 x 2160 pixel 282 PPI, Capacitive, SDC4143, OLED + IPS, glossy: yes, HDR, 60 Hz","Samsung PM981a MZVLB1T0HBLR, 1024 GB  , 890 GB free",height x width x depth (in mm): 21.5 x 359.8 x 249.2 ( = 0.85 x 14.17 x 9.81 in),"92 Wh, 5810 mAh Lithium-Ion, 8 cells",Webcam: 720p + IRPrimary Camera: 0.9 MPix,"2.4 kg ( = 84.66 oz / 5.29 pounds), Power Supply: 712 g ( = 25.12 oz / 1.57 pounds)",,https://www.notebookcheck.net/Asus-ZenBook-Pro-Duo-15-OLED-Laptop-Review-Perfect-for-Content-Creators.542630.0.html
Lenovo ThinkPad P14s Gen2-20VX000GGE,"Intel Core i7-1185G7 4 x 3 - 4.8 GHz, 64 W PL2 / Short Burst, 35 W PL1 / Sustained, Tiger Lake UP3","NVIDIA T500 Laptop GPU - 4096 MB, Core: 1695 MHz, Memory: 1250 MHz, 25 W TDP, NVIDIA 452.66, Intel Iris Xe Graphics G7 96EUs","32768 MB  , dual-channel","14.00 inch 16:9, 1920 x 1080 pixel 157 PPI, B140HAN05.7, IPS, glossy: no, 60 Hz","Toshiba XG6 KXG6AZNV1T02, 1024 GB  , 893 GB free",height x width x depth (in mm): 18 x 329 x 227 ( = 0.71 x 12.95 x 8.94 in),50 Wh Lithium-Ion,"Webcam: 0.9 MP, 16:9 (1280x720)","1.492 kg ( = 52.63 oz / 3.29 pounds), Power Supply: 363 g ( = 12.8 oz / 0.8 pounds)","1,930 Euro",https://www.notebookcheck.net/Lenovo-ThinkPad-P14s-Gen-2-laptop-in-review-Compact-workstation-with-new-graphics-card.541834.0.html
Schenker XMG Core 17 (Early 2021),"Intel Core i7-10870H 8 x 2.2 - 5 GHz, 60 W PL2 / Short Burst, 60 W PL1 / Sustained, Comet Lake-H","NVIDIA GeForce RTX 3060 Laptop GPU - 6144 MB, Core: 1425 MHz, Memory: 1750 MHz, 130 W TDP, GDDR6, 27.21.14.6647, Optimus","16384 MB  , DDR4-3200, dual-channel mode, two memory slots (both in use), max. 64 GB","17.30 inch 16:9, 2560 x 1440 pixel 170 PPI, BOE CQ NE173QHM-NY2, IPS, glossy: no, 165 Hz","Samsung SSD 970 EVO Plus 1TB, 1024 GB  , 2 M.2-2280 slots, NVMe; RAID-0 support, 883 GB free",height x width x depth (in mm): 30.05 x 395.7 x 260.8 ( = 1.18 x 15.58 x 10.27 in),"62 Wh, 4100 mAh Lithium-Polymer",Webcam: HDPrimary Camera: 0.9 MPix,"2.546 kg ( = 89.81 oz / 5.61 pounds), Power Supply: 428 g ( = 15.1 oz / 0.94 pounds)",1814 Euro,https://www.notebookcheck.net/Schenker-XMG-Core-17-Tongfang-GM7MG0R-review-Configurable-gaming-laptop-with-a-WQHD-display.541839.0.html
Dell XPS 13 9310 OLED (XPS 13 9310 Series),"Intel Core i7-1185G7 4 x 3 - 4.8 GHz, 64 W PL2 / Short Burst, 28 W PL1 / Sustained, Tiger Lake UP3","Intel Iris Xe Graphics G7 96EUs, Core: 1350 MHz, Memory: 1600 MHz, LPDDR4x, 27.20.100.9565","16384 MB  , LPDDR4x 2133.3 MHz, 20-20-20-45, Dual-Channel, Soldered","13.40 inch 16:10, 3456 x 2160 pixel 304 PPI, 10-point capacitive, Samsung 134XK01, OLED, Controller: SDC414F, Dell P/N: 4XG21, HDR, 60 Hz","Toshiba XG6 KXG60ZNV512G, 512 GB  ",height x width x depth (in mm): 14.8 x 296 x 199 ( = 0.58 x 11.65 x 7.83 in),52 Wh Lithium-Polymer,Webcam: 720pPrimary Camera: 0.9 MPix,"1.245 kg ( = 43.92 oz / 2.74 pounds), Power Supply: 211 g ( = 7.44 oz / 0.47 pounds)",1650 USD,https://www.notebookcheck.net/Dell-XPS-13-9310-OLED-Laptop-Review-Is-It-Better-Than-IPS.541450.0.html
Gigabyte Aero 17 HDR YD (Aero 17 Series),"Intel Core i9-11980HK 8 x 2.6 - 5 GHz, 109 W PL2 / Short Burst, 70 W PL1 / Sustained, Tiger Lake H45","NVIDIA GeForce RTX 3080 Laptop GPU - 16384 MB, Core: 1245 MHz, Memory: 1500 MHz, 105 W TDP, NVIDIA 462.35, Intel UHD Graphics Xe 750 32EUs","32768 MB  , dual-channel","17.30 inch 16:9, 3840 x 2160 pixel 255 PPI, AU Optronics AUO329B, IPS, glossy: no, HDR, 60 Hz","Samsung PM9A1 MZVL2512HCJQ, 512 GB  , + 1 TB Phison ESR01TBTLCG-EAC-4",height x width x depth (in mm): 22 x 396 x 270 ( = 0.87 x 15.59 x 10.63 in),99 Wh Lithium-Polymer,"Webcam: 0.9 MP, 16:9 (1280x720)","2.766 kg ( = 97.57 oz / 6.1 pounds), Power Supply: 726 g ( = 25.61 oz / 1.6 pounds)",3900 Euro,https://www.notebookcheck.net/Gigabyte-Aero-17-HDR-YD-laptop-review-4K-HDR-meets-RTX-3080.541564.0.html
HP Envy x360 15-eu0097nr,"AMD Ryzen 7 5700U 8 x 1.8 - 4.3 GHz, 48 W PL2 / Short Burst, 37 W PL1 / Sustained, Lucienne U (Zen 2)","AMD Radeon RX Vega 8 (Ryzen 4000) - 512 MB, Memory: 1333 MHz, DDR4, 20.50.02.06","16384 MB  , 1600 MHz, 22-22-22-52, Dual-Channel, 2x SODIMM","15.60 inch 16:9, 1920 x 1080 pixel 141 PPI, 10-point capacitive, native pen support, AUOA08B, IPS, glossy: yes, 60 Hz","WDC PC SN530 SDBPNPZ-512G, 512 GB  ",height x width x depth (in mm): 18.4 x 359 x 228 ( = 0.72 x 14.13 x 8.98 in),51 Wh Lithium-Polymer,Webcam: 720pPrimary Camera: 0.9 MPix,"1.86 kg ( = 65.61 oz / 4.1 pounds), Power Supply: 277 g ( = 9.77 oz / 0.61 pounds)",1000 USD,https://www.notebookcheck.net/HP-Envy-x360-15-Ryzen-7-5700U-Convertible-Review-Faster-Than-The-Spectre-x360-15.540923.0.html
Microsoft Surface Laptop 4 13 Ryzen 5 (Surface Laptop 4 Series),"AMD Ryzen 5 4680U 6 x 2.1 - 4 GHz, 44 W PL2 / Short Burst, 23 W PL1 / Sustained, Renoir (Zen 2)",AMD Radeon RX Vega 6 (Ryzen 4000/5000),"8192 MB  , LPDDR4X-4266, Dual-Channel, onboard","13.50 inch 3:2, 2256 x 1504 pixel 201 PPI, capacitive, LQ135P1JX51, IPS, 60 Hz","Samsung PM991 MZ9LQ256HBJQ, 256 GB  , 197 GB free",height x width x depth (in mm): 14 x 308 x 223 ( = 0.55 x 12.13 x 8.78 in),47.4 Wh Lithium-Polymer,Webcam: 720p,"1.267 kg ( = 44.69 oz / 2.79 pounds), Power Supply: 306 g ( = 10.79 oz / 0.67 pounds)",1129 Euro,https://www.notebookcheck.net/Microsoft-Surface-Laptop-4-13-Review-Is-AMD-s-Ryzen-held-back-on-purpose.541475.0.html
LG Gram 14Z90P-G.AA79G (Gram Series),"Intel Core i7-1165G7 4 x 2.8 - 4.7 GHz, 52 W PL2 / Short Burst, 18 W PL1 / Sustained, Tiger Lake UP3","Intel Iris Xe Graphics G7 96EUs - 1024 MB, Core: 1300 MHz, Memory: 1600 MHz","16384 MB  , LPDDR4X, dual-channel, 4266 MHz","14.00 inch 16:10, 1920 x 1200 pixel, LG Display LP140WU1-SPA1, IPS, glossy: yes, 60 Hz","SK Hynix PC601 1TB HFS001TD9TNG, 1024 GB  , 1 TB M.2 SSD (Hynix HFS001TD9TNG-L2A0A), 860 GB free",height x width x depth (in mm): 16.8 x 313.4 x 215.2 ( = 0.66 x 12.34 x 8.47 in),"72 Wh Lithium-Ion, Battery runtime (according to manufacturer): 25.5 h",Webcam: 720pPrimary Camera: 0.9 MPix HD webcam,"967 g ( = 34.11 oz / 2.13 pounds), Power Supply: 298 g ( = 10.51 oz / 0.66 pounds)","1,599 Euro",https://www.notebookcheck.net/LG-Gram-14Z90P-in-review-Superior-endurance-and-finally-more-performance.541046.0.html
Asus Strix Scar 17 G733QSA-XS99 (ROG Strix Scar 17 G733 Series),"AMD Ryzen 9 5900HX 8 x 3.3 - 4.6 GHz, 80 W PL2 / Short Burst, 80 W PL1 / Sustained, Cezanne H (Zen 3)","NVIDIA GeForce RTX 3080 Laptop GPU - 16384 MB, Core: 1545 MHz, Memory: 1788 MHz, 130 W TDP, GDDR6, 466.47, Optimus","32768 MB  , DDR4 3200 MHz, 22-22-22-52, Dual-Channel, 2x SODIMM","17.30 inch 16:9, 1920 x 1080 pixel 127 PPI, AU Optronics B173HAN05.4, IPS, AUOE295, 360 Hz","2x Samsung PM981a MZVLB1T0HBLR (RAID 0), 2048 GB  ",height x width x depth (in mm): 28.3 x 395 x 282 ( = 1.11 x 15.55 x 11.1 in),"90 Wh Lithium-Polymer, 4-cell",,"2.783 kg ( = 98.17 oz / 6.14 pounds), Power Supply: 704 g ( = 24.83 oz / 1.55 pounds)",3000 USD,https://www.notebookcheck.net/Asus-Strix-Scar-17-G733QS-Laptop-Review-Liquid-Metal-7-nm-AMD-Zen-3-Is-Stunning.540483.0.html
HP Envy 13-ba1475ng (Envy 13 Series),"Intel Core i7-1165G7 4 x 2.8 - 4.7 GHz, 35 W PL2 / Short Burst, 20 W PL1 / Sustained, Tiger Lake UP3","NVIDIA GeForce MX450 - 2048 MB, Core: 1180 MHz, Memory: 1250 MHz, 12 W TDP, 466.27, Optimus","16384 MB  , DDR4-2933, Dual-Channel, max. 16 GB","13.30 inch 16:9, 1920 x 1080 pixel 166 PPI, CMN139D, IPS, glossy: yes, 60 Hz","Intel SSD 660p SSDPEKNW512G8, 512 GB  , 430 GB free",height x width x depth (in mm): 17 x 307 x 195 ( = 0.67 x 12.09 x 7.68 in),"51 Wh Lithium-Polymer, 3-cell",Webcam: 720pPrimary Camera: 0.9 MPix,"1.25 kg ( = 44.09 oz / 2.76 pounds), Power Supply: 284 g ( = 10.02 oz / 0.63 pounds)",1099 Euro,https://www.notebookcheck.net/HP-Envy-13-with-Intel-Tiger-Lake-and-GeForce-MX450-in-review.540910.0.html
Acer Aspire Nitro 5 AN515-55-57GF (Nitro 5 AN515 Series),"Intel Core i5-10300H 4 x 2.5 - 4.5 GHz, 107 W PL2 / Short Burst, 70 W PL1 / Sustained, Comet Lake-H","NVIDIA GeForce RTX 3060 Laptop GPU - 6144 MB, Core: 1425 MHz, Memory: 1750 MHz, 95 W TDP, GDDR6, 466.27, Optimus","16384 MB  , DDR4-2933, dual channel","15.60 inch 16:9, 1920 x 1080 pixel 141 PPI, Chi Mei CMN N156HRA-EA1, IPS, glossy: no, 144 Hz","WDC PC SN530 SDBPNPZ-512G, 512 GB  ",height x width x depth (in mm): 23.9 x 363.4 x 255 ( = 0.94 x 14.31 x 10.04 in),"57.5 Wh, 3560 mAh Lithium-Polymer, 4-cell",Webcam: 720p,"2.27 kg ( = 80.07 oz / 5 pounds), Power Supply: 498 g ( = 17.57 oz / 1.1 pounds)",1049 Euro,https://www.notebookcheck.net/Acer-Nitro-5-AN515-55-Laptop-Review-Price-to-performance-champ-with-an-RTX-3060.540607.0.html
Honor Magicbook 14 i7-1165G7 (Magicbook Series),"Intel Core i7-1165G7 4 x 2.8 - 4.7 GHz, 60 W PL2 / Short Burst, 28 W PL1 / Sustained, Tiger Lake UP3",Intel Iris Xe Graphics G7 96EUs,"16384 MB  , dual-channel","14.00 inch 16:9, 1920 x 1080 pixel 157 PPI, BOE092E, IPS, glossy: no, 60 Hz","WDC PC SN730 SDBPNTY-512G, 512 GB  , 420 GB free",height x width x depth (in mm): 15.9 x 322.5 x 214.8 ( = 0.63 x 12.7 x 8.46 in),56 Wh Lithium-Polymer,"Webcam: 0.9 MP, 16:9 (1280x720)","1.376 kg ( = 48.54 oz / 3.03 pounds), Power Supply: 160 g ( = 5.64 oz / 0.35 pounds)",1200 Euro,https://www.notebookcheck.net/Honor-MagicBook-14-laptop-review-i7-Tiger-Lake-at-the-same-level-as-the-Ryzen-model.540670.0.html
Lenovo IdeaPad 5 14ALC05 82LM005YGE (IdeaPad 5 Series),"AMD Ryzen 5 5500U 6 x 2.1 - 4 GHz, 48 W PL2 / Short Burst, 37.5 W PL1 / Sustained, Lucienne U (Zen 2)","AMD Radeon RX Vega 7, Core: 1800 MHz, Dual-Channel-Mode, 27.20.14022.1002 (Adrenalin 20.40.22.01)","16384 MB  , DDR4-3200, Dual-Channel-Mode, onboard, no memory slots","14.00 inch 16:9, 1920 x 1080 pixel 157 PPI, AU Optronics B140HAN04.E, IPS, glossy: no, 60 Hz","Samsung SSD PM981a MZVLB512HBJQ, 512 GB  , 1x M.2-2280 (NVMe, in use), 1x M.2-2242 (NVMe), 432 GB free",height x width x depth (in mm): 19.1 x 321.57 x 211.59 ( = 0.75 x 12.66 x 8.33 in),"56.5 Wh, 4955 mAh Lithium-Ion",Webcam: HDPrimary Camera: 0.9 MPix,"1.38 kg ( = 48.68 oz / 3.04 pounds), Power Supply: 364 g ( = 12.84 oz / 0.8 pounds)",799 Euro,https://www.notebookcheck.net/Lenovo-IdeaPad-5-14ALC05-in-review-Compact-powerful-enduring.540501.0.html
Huawei MateBook X Silver Frost (2020) (MateBook X Series),"Intel Core i5-10210U 4 x 1.6 - 4.2 GHz, 30 W PL2 / Short Burst, 7 W PL1 / Sustained, Comet Lake-U","Intel UHD Graphics 620 - 1024 MB, Core: 1100 MHz, Memory: 1064 MHz","16384 MB  , LPDDR3 SDRAM Dual-Channel","13.00 inch 3:2, 3000 x 2000 pixel 277 PPI, Touchscreen, JDI RWLPM130M364C, LTPS, glossy: yes, 60 Hz","Samsung SSD PM981a MZVLB512HBJQ, 512 GB  , 405 GB free",height x width x depth (in mm): 13.6 x 284 x 206 ( = 0.54 x 11.18 x 8.11 in),42 Wh Lithium-Polymer,Webcam: 720pPrimary Camera: 0.9 MPix,"1.009 kg ( = 35.59 oz / 2.22 pounds), Power Supply: 262 g ( = 9.24 oz / 0.58 pounds)",1.499 Euro,https://www.notebookcheck.net/Huawei-MateBook-X-in-review-Ultra-thin-extremely-light-and-absolutely-silent.540313.0.html
MSI Summit B15 A11M,"Intel Core i7-1165G7 4 x 2.8 - 4.7 GHz, 64 W PL2 / Short Burst, 45 W PL1 / Sustained, Tiger Lake UP3","Intel Iris Xe Graphics G7 96EUs, Core: 1300 MHz, Memory: 2000 MHz, DDR4, 27.20.100.8439","16384 MB  , DDR4-3200, 15-15-15-35, Dual-Channel","15.60 inch 16:9, 1920 x 1080 pixel 141 PPI, Chi Mei N156HCE-EN1, IPS, CMN15E8, glossy: no, 60 Hz","Kingston OM8PCP31024F, 1024 GB  ",height x width x depth (in mm): 16.9 x 356.8 x 233.75 ( = 0.67 x 14.05 x 9.2 in),52 Wh Lithium-Polymer,Webcam: 720pPrimary Camera: 0.9 MPix,"1.528 kg ( = 53.9 oz / 3.37 pounds), Power Supply: 261 g ( = 9.21 oz / 0.58 pounds)",1200 USD,https://www.notebookcheck.net/MSI-Summit-B15-A11M-Laptop-Review-Embracing-Iris-Xe-Over-GeForce-MX.539850.0.html
Lenovo IdeaPad Flex 5 14ALC05-82HU006NGE (IdeaPad Flex 5 14 Series),"AMD Ryzen 5 5500U 6 x 2.1 - 4 GHz, Lucienne U (Zen 2)",AMD Radeon RX Vega 7,"8192 MB  , dual-channel DDR4 RAM","14.00 inch 16:9, 1920 x 1080 pixel 157 PPI, touchscreen, native pen support, 5D10S39642 LCD MODULE W 81X1, IPS, glossy: yes, 60 Hz","Micron 2210 MTFDHBA512QFD, 512 GB  , 400 GB free",height x width x depth (in mm): 21.4 x 321 x 219 ( = 0.84 x 12.64 x 8.62 in),"52.5 Wh, 4570 mAh Lithium-Polymer, User-replacable part, Battery runtime (according to manufacturer): 10 h",Webcam: 0.9 MP webcam,"1.533 kg ( = 54.08 oz / 3.38 pounds), Power Supply: 348 g ( = 12.28 oz / 0.77 pounds)",,https://www.notebookcheck.net/Lenovo-IdeaPad-Flex-5-with-Ryzen-5-in-review-A-lot-of-performance-for-a-small-budget.539994.0.html
ADATA XPG Xenia Xe,"Intel Core i7-1165G7 4 x 2.8 - 4.7 GHz, 50 W PL2 / Short Burst, 40 W PL1 / Sustained, Tiger Lake UP3","Intel Iris Xe Graphics G7 96EUs, Core: 1300 MHz, Memory: 1600 MHz, DDR4, 27.20.100.8729","16384 MB  , LPDDR4x-4266, soldered, 36-39-39-90, Dual-Channel","15.60 inch 16:9, 1920 x 1080 pixel 141 PPI, 10-point capacitive, native pen support, BOE08F5, IPS, 60 Hz","ADATA XPG Gammix S50 1TB, 1024 GB  ",height x width x depth (in mm): 14.9 x 355 x 230 ( = 0.59 x 13.98 x 9.06 in),73.41 Wh Lithium-Polymer,Webcam: 720p IRPrimary Camera: 0.9 MPix,"1.67 kg ( = 58.91 oz / 3.68 pounds), Power Supply: 264 g ( = 9.31 oz / 0.58 pounds)",1600 USD,https://www.notebookcheck.net/ADATA-XPG-Xenia-Xe-Review-The-Tiger-Lake-Laptop-Designed-By-Intel.539742.0.html
Lenovo ThinkPad X1 Carbon G9-20XXS00100 (ThinkPad X1 Carbon G9 Series),"Intel Core i7-1165G7 4 x 2.8 - 4.7 GHz, 36 W PL2 / Short Burst, 28 W PL1 / Sustained, Tiger Lake UP3",Intel Iris Xe Graphics G7 96EUs,"32768 MB  , LPDDR4X-4266, on-board, Dual-Channel","14.00 inch 16:10, 1920 x 1200 pixel 162 PPI, B140UAN02.1, IPS, glossy: no, 60 Hz","Samsung PM9A1 MZVL21T0HCLR, 1024 GB  , 953 GB free",height x width x depth (in mm): 14.9 x 314.5 x 221.5 ( = 0.59 x 12.38 x 8.72 in),57 Wh Lithium-Polymer,Webcam: 720p w/IR & ThinkShutterPrimary Camera: 0.9 MPix,"1.175 kg ( = 41.45 oz / 2.59 pounds), Power Supply: 321 g ( = 11.32 oz / 0.71 pounds)",1679 Euro,https://www.notebookcheck.net/Lenovo-ThinkPad-X1-Carbon-Gen-9-Review-Longer-battery-runtime-with-the-Full-HD-panel.540209.0.html
Lenovo V17-IIL 82GX008TGE,"Intel Core i3-1005G1 2 x 1.2 - 3.4 GHz, 51 W PL2 / Short Burst, 25 W PL1 / Sustained, Ice Lake U","Intel UHD Graphics G1 (Ice Lake 32 EU), Core: 900 MHz, dual-channel mode, 27.20.100.9466","8192 MB  , DDR4-3200, dual-channel mode, one memory slot (in use), 4 GB onboard, max. 36 GB","17.30 inch 16:9, 1920 x 1080 pixel 127 PPI, AU Optronics B173HAN04.3, IPS, glossy: no, 60 Hz","Samsung PM991 MZALQ256HAJD, 256 GB  , M.2-2242, NVMe, 200 GB free",height x width x depth (in mm): 19.9 x 402 x 281.3 ( = 0.78 x 15.83 x 11.07 in),"42 Wh, 3735 mAh Lithium-Polymer",Webcam: VGAPrimary Camera: 0.3 MPix,"2.2 kg ( = 77.6 oz / 4.85 pounds), Power Supply: 220 g ( = 7.76 oz / 0.49 pounds)",599 Euro,https://www.notebookcheck.net/Lenovo-V17-IIL-review-A-quiet-home-office-laptop-with-a-good-display.539673.0.html
HP Spectre x360 13-aw2003dx (Spectre x360 13 Series),"Intel Core i5-1135G7 4 x 2.4 - 4.2 GHz, 51 W PL2 / Short Burst, 20 W PL1 / Sustained, Tiger Lake UP3","Intel Iris Xe Graphics G7 80EUs, Core: 2000 MHz, Memory: 1300 MHz, DDR4, 27.20.100.9079","8192 MB  , LPDDR4 2133 MHz, soldered, 36-39-39-40, Dual-Channel","13.30 inch 16:9, 3840 x 2160 pixel 331 PPI, 10-point capacitive, native pen support, Samsung SDC4149, OLED, glossy: yes, 60 Hz","Intel Optane Memory H10 with Solid State Storage 32GB + 512GB HBRPEKNX0202A(L/H), 512 GB  ",height x width x depth (in mm): 16.9 x 306.7 x 194.5 ( = 0.67 x 12.07 x 7.66 in),60 Wh Lithium-Polymer,Webcam: 720p IRPrimary Camera: 0.9 MPix,"1.223 kg ( = 43.14 oz / 2.7 pounds), Power Supply: 267 g ( = 9.42 oz / 0.59 pounds)",1300 USD,https://www.notebookcheck.net/HP-Spectre-x360-13-11th-Gen-Intel-Convertible-Review-Proof-That-OLED-Isn-t-Everything.539285.0.html
Microsoft Surface Laptop 4 13 i7 (Surface Laptop 4 Series),"Intel Core i7-1185G7 4 x 3 - 4.8 GHz, 50 W PL2 / Short Burst, 30 W PL1 / Sustained, Tiger Lake UP3","Intel Iris Xe Graphics G7 96EUs, Core: 1350 MHz, Memory: 2000 MHz","16384 MB  , LPDDR4x-4266, Dual-Channel, onboard","13.50 inch 3:2, 2256 x 1504 pixel 201 PPI, capacitive, LQ135P1JX51, IPS, glossy: yes, 60 Hz","Samsung PM991 MZ9LQ512HALU, 512 GB  , 426 GB free",height x width x depth (in mm): 14.5 x 308 x 223 ( = 0.57 x 12.13 x 8.78 in),47.4 Wh Lithium-Polymer,Webcam: 720p,"1.346 kg ( = 47.48 oz / 2.97 pounds), Power Supply: 306 g ( = 10.79 oz / 0.67 pounds)",1849 Euro,https://www.notebookcheck.net/Microsoft-Surface-Laptop-4-13-Laptop-Review-Too-expensive-with-Intel-CPU.539455.0.html
HP 255 G7 159P1EA,"AMD Ryzen 3 3200U 2 x 2.6 - 3.5 GHz, Zen+","AMD Radeon RX Vega 3, Core: 1200 MHz, single-channel mode, 27.20.1030.1 (Adrenalin 20.10.30)","8192 MB  , DDR4-2666, single-channel mode, two memory slots (one slot in use)","15.60 inch 16:9, 1920 x 1080 pixel 141 PPI, BOE0687, TN LED, glossy: no, 60 Hz","WDC PC SN530 SDBPNPZ-512G, 512 GB  , M.2-2280, NVMe, 437 GB free",height x width x depth (in mm): 22.5 x 376 x 246 ( = 0.89 x 14.8 x 9.69 in),"41 Wh, 3440 mAh Lithium-Ion, 3-cell",Webcam: HDPrimary Camera: 0.9 MPix,"1.78 kg ( = 62.79 oz / 3.92 pounds), Power Supply: 263 g ( = 9.28 oz / 0.58 pounds)",699 Euro,https://www.notebookcheck.net/HP-255-G7-in-review-Multiple-weaknesses-no-strengths.539142.0.html
Lenovo ThinkPad X1 Carbon G9-20XWCTO1WW (ThinkPad X1 Carbon G9 Series),"Intel Core i7-1165G7 4 x 2.8 - 4.7 GHz, 36 W PL2 / Short Burst, 28 W PL1 / Sustained, Tiger Lake UP3",Intel Iris Xe Graphics G7 96EUs,"32768 MB  , LPDDR4X-4266, on-board, Quad-Channel","14.00 inch 16:10, 3840 x 2400 pixel 323 PPI, MNE007A1-2, IPS LED, glossy: yes, HDR","Samsung PM9A1 MZVL21T0HCLR, 1024 GB  , M.2 2280, NVMe PCIe 4.0, 845 GB free",height x width x depth (in mm): 14.9 x 315 x 221.6 ( = 0.59 x 12.4 x 8.72 in),57 Wh Lithium-Polymer,Webcam: 720p w/IR & ThinkShutter,"1.156 kg ( = 40.78 oz / 2.55 pounds), Power Supply: 332 g ( = 11.71 oz / 0.73 pounds)",2520 Euro,https://www.notebookcheck.net/Lenovo-ThinkPad-X1-Carbon-Gen-9-Laptop-Review-Big-16-10-upgrade-with-Intel-Tiger-Lake.537905.0.html
HP ProBook 440 G8-2W1G4EA,"Intel Core i7-1165G7 4 x 2.8 - 4.7 GHz, 17 W PL2 / Short Burst, 14 W PL1 / Sustained, Tiger Lake UP3",Intel Iris Xe Graphics G7 96EUs,"16384 MB  , single-channel","14.00 inch 16:9, 1920 x 1080 pixel 157 PPI, AU Optronics AUO818B, VA, glossy: no","Lite-On CL1-8D512, 512 GB  , 450 GB free",height x width x depth (in mm): 19 x 322 x 214 ( = 0.75 x 12.68 x 8.43 in),45 Wh Lithium-Polymer,"Webcam: 0.9 MP, 16:9 (1280x720)","1.38 kg ( = 48.68 oz / 3.04 pounds), Power Supply: 283 g ( = 9.98 oz / 0.62 pounds)",1120 Euro,https://www.notebookcheck.net/HP-ProBook-440-G8-review-Robust-office-laptop-with-a-Tiger-Lake-CPU.537988.0.html
Lenovo ThinkPad T15 Gen2-20W5S00100 (ThinkPad T15 Series),"Intel Core i7-1165G7 4 x 2.8 - 4.7 GHz, 64 W PL2 / Short Burst, 35 W PL1 / Sustained, Tiger Lake UP3","NVIDIA GeForce MX450 - 2048 MB, Core: 930 MHz, Memory: 1250 MHz, NVIDIA 466.11, Intel Iris Xe Graphics G7 96 EUs","16384 MB  , Single-Channel","15.60 inch 16:9, 1920 x 1080 pixel 141 PPI, B156HAN02.1, IPS, glossy: no, 60 Hz","Samsung PM981a MZVLB1T0HBLR, 1024 GB  , 917 GB free",height x width x depth (in mm): 19.1 x 365.8 x 248 ( = 0.75 x 14.4 x 9.76 in),57 Wh Lithium-Polymer,"Webcam: 0.9 MP, 16:9 (1280x720)","1.9 kg ( = 67.02 oz / 4.19 pounds), Power Supply: 363 g ( = 12.8 oz / 0.8 pounds)",1350 Euro,https://www.notebookcheck.net/Lenovo-ThinkPad-T15-Gen2-laptop-in-review-Business-combined-with-media-GPU-and-Tiger-Lake.537474.0.html
Asus ZenBook 13 UM325S (ZenBook 13 UM325 Series),"AMD Ryzen 7 5800U 8 x 1.9 - 4.4 GHz, 30 W PL2 / Short Burst, 25 W PL1 / Sustained, Cezanne U (Zen 3)","AMD Radeon RX Vega 8 (Ryzen 5000), Adrenalin 20.40.32","16384 MB  , DDR4-3733, dual-channel, built-in","13.30 inch 16:9, 1920 x 1080 pixel 166 PPI, Samsung (SDC4158), OLED, glossy: yes, 60 Hz","SK Hynix HFM001TD3JX013N, 1024 GB  , M.2 2280 NVMe, 950 GB free",height x width x depth (in mm): 13.9 x 304 x 203 ( = 0.55 x 11.97 x 7.99 in),"67 Wh, 4220 mAh Lithium-Ion",Webcam: 720pPrimary Camera: 0.9 MPixSecondary Camera: IR (Windows Hello),"1.158 kg ( = 40.85 oz / 2.55 pounds), Power Supply: 216 g ( = 7.62 oz / 0.48 pounds)",,https://www.notebookcheck.net/Asus-ZenBook-13-Review-A-compact-13-inch-laptop-with-a-fast-Ryzen-7-5800U-and-OLED-display.537640.0.html
Lenovo IdeaPad Flex 5 14ALC05 82HU002YUS (IdeaPad Flex 5 14 Series),"AMD Ryzen 7 5700U 8 x 1.8 - 4.3 GHz, Lucienne U (Zen 2)","AMD Radeon RX Vega 8 (Ryzen 4000) - 512 MB, Memory: 1333 MHz, DDR4, 27.20.14026.0","16384 MB  , DDR4, 1600 MHz, Dual-Channel, 22-22-22-52","14.00 inch 16:9, 1920 x 1080 pixel 157 PPI, 10-point capacitive, native pen support, Chi Mei N140HCA-E5B, IPS, CMN1406, glossy: yes, 60 Hz","WDC PC SN530 SDBPMPZ-265G, 256 GB  ",height x width x depth (in mm): 20.8 x 321.5 x 217.5 ( = 0.82 x 12.66 x 8.56 in),52 Wh Lithium-Polymer,Webcam: 720pPrimary Camera: 0.9 MPix,"1.555 kg ( = 54.85 oz / 3.43 pounds), Power Supply: 305 g ( = 10.76 oz / 0.67 pounds)",750 USD,https://www.notebookcheck.net/Lenovo-IdeaPad-Flex-5-14-Ryzen-7-Review-Fastest-14-inch-Convertible-In-The-Market.536565.0.html
Lenovo ThinkPad X1 Yoga G6-20Y0S00200,"Intel Core i7-1165G7 4 x 2.8 - 4.7 GHz, 48 W PL2 / Short Burst, 28 W PL1 / Sustained, Tiger Lake UP3",Intel Iris Xe Graphics G7 96EUs,"32768 MB  , LPDDR4X-4266, Dual-Channel, onBoard","14.00 inch 16:10, 1920 x 1200 pixel 162 PPI, capacitive, native pen support, LP140WU1-SPB1, IPS, glossy: no, 60 Hz","Samsung PM9A1 MZVL21T0HCLR, 1024 GB  , 917 GB free",height x width x depth (in mm): 15 x 314.4 x 223 ( = 0.59 x 12.38 x 8.78 in),57 Wh Lithium-Polymer,Webcam: 720pPrimary Camera: 0.9 MPix,"1.408 kg ( = 49.67 oz / 3.1 pounds), Power Supply: 321 g ( = 11.32 oz / 0.71 pounds)",1850 Euro,https://www.notebookcheck.net/ThinkPad-X1-Yoga-G6-Review-Lenovo-s-best-Business-Convertible.536304.0.html
Razer Blade 15 Advanced Model Early 2021 (Blade 15 Series),"Intel Core i7-10875H 8 x 2.3 - 5.1 GHz, 90 W PL2 / Short Burst, 65 W PL1 / Sustained, Comet Lake-H","NVIDIA GeForce RTX 3080 Laptop GPU - 8192 MB, Core: 1245 MHz, Memory: 1500 MHz, 95 W TDP, GDDR6, 27.21.14.6589 (Nvidia 465.89), Optimus","32768 MB  , DDR4-3200, dual-channel, two memory slots (both occupied), max. 64 GB","15.60 inch 16:9, 1920 x 1080 pixel 141 PPI, TL156VDXP02-0, IPS, glossy: no, 360 Hz","Samsung PM981a MZVLB1T0HBLR, 1024 GB  , 2 M.2-2280-Slots, 873 GB free",height x width x depth (in mm): 16.99 x 355 x 235 ( = 0.67 x 13.98 x 9.25 in),"80 Wh, 5209 mAh Lithium-Ion",Webcam: HDPrimary Camera: 0.9 MPix,"2.02 kg ( = 71.25 oz / 4.45 pounds), Power Supply: 660 g ( = 23.28 oz / 1.46 pounds)",3099 Euro,https://www.notebookcheck.net/Razer-Blade-15-Advanced-Early-2021-Review-Now-with-a-360-Hz-screen.536335.0.html
HP ZBook Firefly 15 G8 2C9R7EA (ZBook Firefly 15 G8 Series),"Intel Core i7-1165G7 4 x 2.8 - 4.7 GHz, 51 W PL2 / Short Burst, 25 W PL1 / Sustained, Tiger Lake UP3","NVIDIA T500 Laptop GPU - 4096 MB, Core: 1560 MHz, Memory: 1250 MHz, NVIDIA 452.69","32768 MB  , single-channel","15.60 inch 16:9, 1920 x 1080 pixel 141 PPI, LGD069B, IPS, glossy: no","Toshiba XG6 KXG60ZNV1T02, 1024 GB  , 888 GB free",height x width x depth (in mm): 19.2 x 359.5 x 233.6 ( = 0.76 x 14.15 x 9.2 in),56 Wh Lithium-Polymer,"Webcam: 0.9 MP, 16:9 (1280x720)","1.752 kg ( = 61.8 oz / 3.86 pounds), Power Supply: 308 g ( = 10.86 oz / 0.68 pounds)","2,100 Euro",https://www.notebookcheck.net/HP-ZBook-Firefly-15-G8-laptop-in-review-Quadro-T500-and-Tiger-Lake-in-a-15-inch-model.536107.0.html
Acer TravelMate Spin P4 TMP414RN-51-53J8 (TravelMate Spin P4 Series),"Intel Core i5-1135G7 4 x 2.4 - 4.2 GHz, 32 W PL2 / Short Burst, 15 W PL1 / Sustained, Tiger Lake UP3",Intel Iris Xe Graphics G7 80EUs,8192 MB  ,"14.00 inch 16:9, 1920 x 1080 pixel, Acer CineCrystal Multi-Touch, BOE081D, IPS, glossy: yes, 60 Hz","SK hynix BC511 HFM256GDJTNI-82A0, 256 GB  ",height x width x depth (in mm): 17.9 x 325 x 236 ( = 0.7 x 12.8 x 9.29 in),"56 Wh, 4683 mAh Lithium-Ion","Webcam: HD webcam, IR webcam",1.4 kg ( = 49.38 oz / 3.09 pounds) ( = 0 oz / 0 pounds),1227 Euro,https://www.notebookcheck.net/Acer-TravelMate-Spin-P4-laptop-review-business-model-with-Thunderbolt-4.535348.0.html
MSI Summit E13 Flip Evo A11MT,"Intel Core i7-1185G7 4 x 3 - 4.8 GHz, 64 W PL2 / Short Burst, 36 W PL1 / Sustained, Tiger Lake UP3","Intel Iris Xe Graphics G7 96EUs, Core: 1350 MHz, Memory: 1400 MHz, 27.20.100.8783","32768 MB  , LPDDR4X 2133 MHz, Dual-Channel, 22-20-20-45","13.40 inch 16:10, 1920 x 1200 pixel 169 PPI, 10-point capacitive, native pen support, Sharp LQ134N1JW53, IPS, glossy: yes, 120 Hz","Phison 1TB SM2801T24GKBB4S-E162, 1024 GB  ",height x width x depth (in mm): 14.9 x 300.2 x 222.25 ( = 0.59 x 11.82 x 8.75 in),70 Wh Lithium-Polymer,Webcam: 720pPrimary Camera: 0.9 MPix,"1.35 kg ( = 47.62 oz / 2.98 pounds), Power Supply: 282 g ( = 9.95 oz / 0.62 pounds)",1900 USD,https://www.notebookcheck.net/MSI-Summit-E13-Flip-Evo-Convertible-Review-A-Timeless-Design.535362.0.html
Huawei MateBook D 16-53011VFJ (MateBook D 16 Series),"AMD Ryzen 5 4600H 6 x 3 - 4 GHz, 57 W PL2 / Short Burst, 35 W PL1 / Sustained, Renoir (Zen 2)","AMD Radeon RX Vega 6 (Ryzen 4000/5000) - 512 MB, Core: 1500 MHz, Memory: 1600 MHz, AMD Radeon Vega","16384 MB  , DDR4-3200, dual-channel","16.10 inch 16:9, 1920 x 1080 pixel, N161HCA-EA3, IPS, CMN1604, glossy: no, 60 Hz","Samsung SSD PM981a MZVLB512HBJQ, 512 GB  , 400 GB free",height x width x depth (in mm): 18.4 x 369 x 234 ( = 0.72 x 14.53 x 9.21 in),56 Wh Lithium-Ion,Webcam: 720p,"1.722 kg ( = 60.74 oz / 3.8 pounds), Power Supply: 210 g ( = 7.41 oz / 0.46 pounds)",899 Euro,https://www.notebookcheck.net/Huawei-MateBook-D-16-in-review-A-lot-of-AMD-power-and-hardly-any-points-of-criticism.535961.0.html
Microsoft Surface Laptop 4 15 AMD TFF_00028 (Surface Laptop 4 Series),"AMD Ryzen 7 4980U 8 x 2 - 4.4 GHz, 44 W PL2 / Short Burst, 23 W PL1 / Sustained, Renoir (Zen 2)",AMD Radeon RX Vega 8 (Ryzen 4000),"16384 MB  , LPDDR4x-4266, quad-channel, soldered","15.00 inch 3:2, 2496 x 1664 pixel 170 PPI, capacitive, native pen support, SHP14B4, IPS, LQ150P1JX51, glossy: yes, 60 Hz","SK Hynix BC511 HFM512GDJTNI, 512 GB  , 423 GB free",height x width x depth (in mm): 14.7 x 339.5 x 244 ( = 0.58 x 13.37 x 9.61 in),47.4 Wh Lithium-Polymer,Webcam: 720pPrimary Camera: 0.9 MPix,"1.562 kg ( = 55.1 oz / 3.44 pounds), Power Supply: 306 g ( = 10.79 oz / 0.67 pounds)",1850 Euro,https://www.notebookcheck.net/Microsoft-Surface-Laptop-4-15-laptop-review-New-AMD-processor-and-more-endurance.535914.0.html
Lenovo IdeaPad 1 11ADA05 (IdeaPad 1 Series),"AMD Athlon Silver 3050e 2 x - 2.8 GHz, Zen","AMD Radeon RX Vega 3, Core: 1000 MHz, Single-Channel-Mode, 27.20.11044.4003 (Adrenalin 20.10.44.04","4096 MB  , DDR4-2400, Single-Channel-Mode, onboard, no memory slots","11.60 inch 16:9, 1366 x 768 pixel 135 PPI, Chi Mei N116BGE-EA2, TN LED, glossy: no, 60 Hz","64 GB eMMC Flash, 64 GB  , 33 GB free",height x width x depth (in mm): 19.9 x 288 x 200 ( = 0.78 x 11.34 x 7.87 in),"35 Wh, 4670 mAh Lithium-Ion",Webcam: VGAPrimary Camera: 0.3 MPix,"1.2 kg ( = 42.33 oz / 2.65 pounds), Power Supply: 173 g ( = 6.1 oz / 0.38 pounds)",299 Euro,https://www.notebookcheck.net/Lenovo-IdeaPad-1-11ADA05-in-the-review-Hand-held.535350.0.html
Schenker XMG Ultra 17 Rocket Lake,"Intel Core i9-11900K 8 x 3.5 - 5.3 GHz, 251 W PL2 / Short Burst, 130 W PL1 / Sustained, Rocket Lake, socketed CPU, free multiplicator","NVIDIA GeForce RTX 3080 Laptop GPU - 16384 MB, Core: 1710 MHz, Memory: 1750 MHz, 165 W TDP, GDDR6, 27.21.14.6589, no Optimus","65536 MB  , DDR4-3200, Dual-Channel-Mode, four memory slots (two slots in use), max 128 GB","17.30 inch 16:9, 1920 x 1080 pixel 127 PPI, AU Optronics B173HAN05.1, IPS, G-Sync, glossy: no, 300 Hz","Samsung SSD 980 Pro 2TB MZ-V8P2T0, 2048 GB  , + three 8-TB-SSDs. Slots: 4x M.2 2280 (2x NVMe, 2x NVMe/SATA)",height x width x depth (in mm): 43.5 x 399 x 319 ( = 1.71 x 15.71 x 12.56 in),"97 Wh, 6700 mAh Lithium-Ion, removeable",Webcam: HDPrimary Camera: 0.9 MPix,"4.684 kg ( = 165.22 oz / 10.33 pounds), Power Supply: 1.736 kg ( = 61.24 oz / 3.83 pounds)",9000 Euro,https://www.notebookcheck.net/Schenker-XMG-Ultra-17-Clevo-X170KM-G-in-review-Massive-powerhouse-with-lush-equipment.534103.0.html
Lenovo ThinkPad L13 Yoga Gen2-20VK000VGE,"Intel Core i5-1135G7 4 x 2.4 - 4.2 GHz, 35 W PL2 / Short Burst, 15 W PL1 / Sustained, Tiger Lake UP3","Intel Iris Xe Graphics G7 80EUs, Core: 1300 MHz, Memory: 2000 MHz","8192 MB  , DDR4-3200, dual-channel, on-board","13.30 inch 16:9, 1920 x 1080 pixel 166 PPI, capacitive, native pen support, N133HCE-EP2, IPS, glossy: yes, 60 Hz","WDC PC SN730 SDBPNTY-256G, 256 GB  , 201 GB free",height x width x depth (in mm): 17.6 x 311.5 x 219 ( = 0.69 x 12.26 x 8.62 in),"46 Wh, 2995 mAh Lithium-Polymer",Webcam: 720pPrimary Camera: 0.9 MPix,"1.45 kg ( = 51.15 oz / 3.2 pounds), Power Supply: 355 g ( = 12.52 oz / 0.78 pounds)",990 Euro,https://www.notebookcheck.net/Lenovo-ThinkPad-L13-Yoga-Gen-2-laptop-review-Business-convertible-now-with-Tiger-Lake.533938.0.html
Lenovo ThinkBook 15 Gen2 ITL (ThinkBook 15 Series),"Intel Core i5-1135G7 4 x 2.4 - 4.2 GHz, 51 W PL2 / Short Burst, 28 W PL1 / Sustained, Tiger Lake UP3",Intel Iris Xe Graphics G7 80EUs,"16384 MB  , dual channel","15.60 inch 16:9, 1920 x 1080 pixel 141 PPI, LG Philips LP156WFC-SPD7, IPS, glossy: no, 60 Hz","Samsung PM991 MZALQ512HALU, 512 GB  , 432 GB free",height x width x depth (in mm): 18.9 x 357 x 235 ( = 0.74 x 14.06 x 9.25 in),45 Wh Lithium-Ion,"Webcam: 0.9 MP, 16:9 (1280x720)","1.759 kg ( = 62.05 oz / 3.88 pounds), Power Supply: 355 g ( = 12.52 oz / 0.78 pounds)",719 Euro,https://www.notebookcheck.net/Lenovo-ThinkBook-15-Gen2-Laptop-review-Affordable-Tiger-Lake-laptop.533402.0.html
Alienware m17 R4 (m17 Series),"Intel Core i9-10980HK 8 x 2.4 - 5.3 GHz, 125 W PL2 / Short Burst, 90 W PL1 / Sustained, Comet Lake-H","NVIDIA GeForce RTX 3080 Laptop GPU - 16384 MB, Core: 1710 MHz, Memory: 1750 MHz, 165 W TDP, GDDR6, 461.92","32768 MB  , dual-channel DDR4, 2933 MHz","17.30 inch 16:9, 1920 x 1080 pixel 127 PPI, AU Optronics AUOEC91, IPS, glossy: no, 360 Hz","2x Micron 2300 512 GB (RAID 0), 1024 GB  ",height x width x depth (in mm): 22 x 399.8 x 294.3 ( = 0.87 x 15.74 x 11.59 in),"86 Wh, 7167 mAh Lithium-Ion",Webcam: 720p webcamPrimary Camera: 0.92 MPix,"3 kg ( = 105.82 oz / 6.61 pounds), Power Supply: 1.3 kg ( = 45.86 oz / 2.87 pounds)","3,799 Euro",https://www.notebookcheck.net/Alienware-m17-R4-laptop-review-Burning-up-into-the-atmosphere.533137.0.html
MSI GP66 Leopard 10UG (GP66 Series),"Intel Core i7-10870H 8 x 2.2 - 5 GHz, 200 W PL2 / Short Burst, 90 W PL1 / Sustained, Comet Lake-H","NVIDIA GeForce RTX 3070 Laptop GPU - 8192 MB, Core: 1620 MHz, Memory: 1750 MHz, 130 W TDP, GDDR6, 466.11, Manual","32768 MB  , SK Hynix DDR4-3200, 22-22-22-52, Dual-Channel","15.60 inch 16:9, 1920 x 1080 pixel 141 PPI, Sharp LQ156M1JW03, IPS, glossy: no, 240 Hz","Kingston OM8PCP31024F, 1024 GB  ",height x width x depth (in mm): 23.4 x 358 x 267 ( = 0.92 x 14.09 x 10.51 in),"65 Wh Lithium-Polymer, 4-cell",Webcam: HD 720pPrimary Camera: 0.9 MPix,"2.315 kg ( = 81.66 oz / 5.1 pounds), Power Supply: 879 g ( = 31.01 oz / 1.94 pounds)",3000 USD,https://www.notebookcheck.net/MSI-GP66-Leopard-10UG-Laptop-Review-A-Complete-Series-Overhaul.532758.0.html
Lenovo ThinkPad X12 20UVS03G00,"Intel Core i7-1160G7 4 x 2.1 - 4.4 GHz, 40 W PL2 / Short Burst, 12 W PL1 / Sustained, Tiger Lake UP4",Intel Iris Xe Graphics G7 96EUs,"16384 MB  , LPDDR4X-4266, on-board, Quad Channel","12.30 inch 3:2, 1920 x 1280 pixel 187 PPI, 10 Point Multitouch, native pen support, N123NCA-GS1, a-Si IPS LED, glossy: yes, detachable screen, 60 Hz","Toshiba BG4 KBG40ZNT512G, 512 GB  , M.2 2242, NVMe PCIe 3, 431 GB free",height x width x depth (in mm): 14.5 x 283.3 x 203.5 ( = 0.57 x 11.15 x 8.01 in),42 Wh Lithium-Polymer,,"1.107 kg ( = 39.05 oz / 2.44 pounds), Power Supply: 322 g ( = 11.36 oz / 0.71 pounds)",1630 Euro,https://www.notebookcheck.net/Lenovo-ThinkPad-X12-Detachable-Gen-1-Review-Laptop-tablet-hybrid-with-LTE-Tiger-Lake-UP4.532888.0.html
HP ZBook Fury 17 G7 119W5EA,"Intel Core i9-10885H 8 x 2.4 GHz, 125 W PL2 / Short Burst, 74 W PL1 / Sustained, Comet Lake-H","NVIDIA Quadro RTX 4000 Max-Q - 8192 MB, Core: 1560 MHz, Memory: 1500 MHz, 80 W TDP, GDDR6","32768 MB  , DDR4","17.30 inch 16:9, 3840 x 2160 pixel 255 PPI, AUOCD8C, glossy: no, 60 Hz","WDC PC SN730 SDBPNTY-1T00, 1024 GB  , 891 GB free",height x width x depth (in mm): 26.9 x 398.4 x 267.1 ( = 1.06 x 15.69 x 10.52 in),"94 Wh, HP Long Life Li-Ion-Polymer battery",Webcam: 720pPrimary Camera: 0.9 MPix HD IR camera,"2.922 kg ( = 103.07 oz / 6.44 pounds), Power Supply: 637 g ( = 22.47 oz / 1.4 pounds)",4800 Euro,https://www.notebookcheck.net/HP-ZBook-Fury-17-G7-review-A-lot-of-power-and-a-great-4K-display-in-a-more-compact-package.532438.0.html
